<?xml version="1.0" encoding="UTF-8"?>
<weatherdata><location><name>Minden</name><type></type><country>DE</country><timezone></timezone><location altitude="0" latitude="52.2833" longitude="8.9167" geobase="geonames" geobaseid="2871039"></location></location><credit></credit><meta><lastupdate></lastupdate><calctime>0.0048</calctime><nextupdate></nextupdate></meta><sun rise="2018-01-09T07:30:55" set="2018-01-09T15:32:34"></sun><forecast><time from="2018-01-09T09:00:00" to="2018-01-09T12:00:00"><symbol number="800" name="clear sky" var="02d"></symbol><precipitation></precipitation><windDirection deg="124.51" code="SE" name="SouthEast"></windDirection><windSpeed mps="3.66" name="Gentle Breeze"></windSpeed><temperature unit="kelvin" value="278.99" min="278.99" max="279.083"></temperature><pressure unit="hPa" value="1010.38"></pressure><humidity value="87" unit="%"></humidity><clouds value="clear sky" all="8" unit="%"></clouds></time><time from="2018-01-09T12:00:00" to="2018-01-09T15:00:00"><symbol number="802" name="scattered clouds" var="03d"></symbol><precipitation></precipitation><windDirection deg="135.001" code="SE" name="SouthEast"></windDirection><windSpeed mps="3.11" name="Light breeze"></windSpeed><temperature unit="kelvin" value="278.56" min="278.56" max="278.614"></temperature><pressure unit="hPa" value="1008.06"></pressure><humidity value="86" unit="%"></humidity><clouds value="scattered clouds" all="32" unit="%"></clouds></time><time from="2018-01-09T15:00:00" to="2018-01-09T18:00:00"><symbol number="804" name="overcast clouds" var="04n"></symbol><precipitation></precipitation><windDirection deg="189.501" code="S" name="South"></windDirection><windSpeed mps="2.87" name="Light breeze"></windSpeed><temperature unit="kelvin" value="276.48" min="276.48" max="276.508"></temperature><pressure unit="hPa" value="1008.91"></pressure><humidity value="83" unit="%"></humidity><clouds value="overcast clouds" all="92" unit="%"></clouds></time><time from="2018-01-09T18:00:00" to="2018-01-09T21:00:00"><symbol number="800" name="clear sky" var="02n"></symbol><precipitation></precipitation><windDirection deg="201.501" code="SSW" name="South-southwest"></windDirection><windSpeed mps="3.11" name="Light breeze"></windSpeed><temperature unit="kelvin" value="275.168" min="275.168" max="275.168"></temperature><pressure unit="hPa" value="1009.74"></pressure><humidity value="87" unit="%"></humidity><clouds value="clear sky" all="8" unit="%"></clouds></time><time from="2018-01-09T21:00:00" to="2018-01-10T00:00:00"><symbol number="500" name="light rain" var="10n"></symbol><precipitation unit="3h" value="0.185" type="rain"></precipitation><windDirection deg="199.5" code="SSW" name="South-southwest"></windDirection><windSpeed mps="3.28" name="Light breeze"></windSpeed><temperature unit="kelvin" value="275.363" min="275.363" max="275.363"></temperature><pressure unit="hPa" value="1009.64"></pressure><humidity value="83" unit="%"></humidity><clouds value="overcast clouds" all="88" unit="%"></clouds></time><time from="2018-01-10T00:00:00" to="2018-01-10T03:00:00"><symbol number="500" name="light rain" var="10n"></symbol><precipitation unit="3h" value="0.785" type="rain"></precipitation><windDirection deg="178" code="S" name="South"></windDirection><windSpeed mps="3.43" name="Gentle Breeze"></windSpeed><temperature unit="kelvin" value="275.963" min="275.963" max="275.963"></temperature><pressure unit="hPa" value="1009.73"></pressure><humidity value="88" unit="%"></humidity><clouds value="few clouds" all="12" unit="%"></clouds></time><time from="2018-01-10T03:00:00" to="2018-01-10T06:00:00"><symbol number="500" name="light rain" var="10n"></symbol><precipitation unit="3h" value="0.005" type="rain"></precipitation><windDirection deg="178.001" code="S" name="South"></windDirection><windSpeed mps="3.17" name="Light breeze"></windSpeed><temperature unit="kelvin" value="275.014" min="275.014" max="275.014"></temperature><pressure unit="hPa" value="1009.4"></pressure><humidity value="88" unit="%"></humidity><clouds value="broken clouds" all="76" unit="%"></clouds></time><time from="2018-01-10T06:00:00" to="2018-01-10T09:00:00"><symbol number="500" name="light rain" var="10d"></symbol><precipitation unit="3h" value="0.08" type="rain"></precipitation><windDirection deg="189.508" code="S" name="South"></windDirection><windSpeed mps="3.42" name="Gentle Breeze"></windSpeed><temperature unit="kelvin" value="276.89" min="276.89" max="276.89"></temperature><pressure unit="hPa" value="1009.71"></pressure><humidity value="91" unit="%"></humidity><clouds value="broken clouds" all="80" unit="%"></clouds></time><time from="2018-01-10T09:00:00" to="2018-01-10T12:00:00"><symbol number="500" name="light rain" var="10d"></symbol><precipitation unit="3h" value="0.025" type="rain"></precipitation><windDirection deg="203.511" code="SSW" name="South-southwest"></windDirection><windSpeed mps="3.57" name="Gentle Breeze"></windSpeed><temperature unit="kelvin" value="279.43" min="279.43" max="279.43"></temperature><pressure unit="hPa" value="1009.38"></pressure><humidity value="96" unit="%"></humidity><clouds value="scattered clouds" all="44" unit="%"></clouds></time><time from="2018-01-10T12:00:00" to="2018-01-10T15:00:00"><symbol number="800" name="clear sky" var="02d"></symbol><precipitation></precipitation><windDirection deg="160.5" code="SSE" name="South-southeast"></windDirection><windSpeed mps="2.27" name="Light breeze"></windSpeed><temperature unit="kelvin" value="278.388" min="278.388" max="278.388"></temperature><pressure unit="hPa" value="1008.89"></pressure><humidity value="94" unit="%"></humidity><clouds value="clear sky" all="8" unit="%"></clouds></time><time from="2018-01-10T15:00:00" to="2018-01-10T18:00:00"><symbol number="500" name="light rain" var="10n"></symbol><precipitation unit="3h" value="0.0049999999999999" type="rain"></precipitation><windDirection deg="155" code="SSE" name="South-southeast"></windDirection><windSpeed mps="2.97" name="Light breeze"></windSpeed><temperature unit="kelvin" value="275.875" min="275.875" max="275.875"></temperature><pressure unit="hPa" value="1009.3"></pressure><humidity value="85" unit="%"></humidity><clouds value="scattered clouds" all="48" unit="%"></clouds></time><time from="2018-01-10T18:00:00" to="2018-01-10T21:00:00"><symbol number="500" name="light rain" var="10n"></symbol><precipitation unit="3h" value="0.115" type="rain"></precipitation><windDirection deg="173.502" code="S" name="South"></windDirection><windSpeed mps="2.49" name="Light breeze"></windSpeed><temperature unit="kelvin" value="276.124" min="276.124" max="276.124"></temperature><pressure unit="hPa" value="1010.02"></pressure><humidity value="90" unit="%"></humidity><clouds value="broken clouds" all="80" unit="%"></clouds></time><time from="2018-01-10T21:00:00" to="2018-01-11T00:00:00"><symbol number="500" name="light rain" var="10n"></symbol><precipitation unit="3h" value="0.06" type="rain"></precipitation><windDirection deg="188.501" code="S" name="South"></windDirection><windSpeed mps="2.01" name="Light breeze"></windSpeed><temperature unit="kelvin" value="276.224" min="276.224" max="276.224"></temperature><pressure unit="hPa" value="1010.99"></pressure><humidity value="91" unit="%"></humidity><clouds value="broken clouds" all="80" unit="%"></clouds></time><time from="2018-01-11T00:00:00" to="2018-01-11T03:00:00"><symbol number="500" name="light rain" var="10n"></symbol><precipitation unit="3h" value="0.045" type="rain"></precipitation><windDirection deg="119.502" code="ESE" name="East-southeast"></windDirection><windSpeed mps="1.27" name="Calm"></windSpeed><temperature unit="kelvin" value="275.993" min="275.993" max="275.993"></temperature><pressure unit="hPa" value="1011.75"></pressure><humidity value="91" unit="%"></humidity><clouds value="overcast clouds" all="92" unit="%"></clouds></time><time from="2018-01-11T03:00:00" to="2018-01-11T06:00:00"><symbol number="500" name="light rain" var="10n"></symbol><precipitation unit="3h" value="0.0050000000000001" type="rain"></precipitation><windDirection deg="92.5026" code="E" name="East"></windDirection><windSpeed mps="1.31" name="Calm"></windSpeed><temperature unit="kelvin" value="275.647" min="275.647" max="275.647"></temperature><pressure unit="hPa" value="1012.98"></pressure><humidity value="88" unit="%"></humidity><clouds value="overcast clouds" all="92" unit="%"></clouds></time><time from="2018-01-11T06:00:00" to="2018-01-11T09:00:00"><symbol number="500" name="light rain" var="10d"></symbol><precipitation unit="3h" value="0.025" type="rain"></precipitation><windDirection deg="83.0011" code="E" name="East"></windDirection><windSpeed mps="1.27" name="Calm"></windSpeed><temperature unit="kelvin" value="276.24" min="276.24" max="276.24"></temperature><pressure unit="hPa" value="1014.82"></pressure><humidity value="91" unit="%"></humidity><clouds value="overcast clouds" all="92" unit="%"></clouds></time><time from="2018-01-11T09:00:00" to="2018-01-11T12:00:00"><symbol number="500" name="light rain" var="10d"></symbol><precipitation unit="3h" value="0.01" type="rain"></precipitation><windDirection deg="86.5032" code="E" name="East"></windDirection><windSpeed mps="1.52" name=""></windSpeed><temperature unit="kelvin" value="278.488" min="278.488" max="278.488"></temperature><pressure unit="hPa" value="1016.39"></pressure><humidity value="98" unit="%"></humidity><clouds value="overcast clouds" all="92" unit="%"></clouds></time><time from="2018-01-11T12:00:00" to="2018-01-11T15:00:00"><symbol number="500" name="light rain" var="10d"></symbol><precipitation unit="3h" value="0.0050000000000001" type="rain"></precipitation><windDirection deg="52.501" code="NE" name="NorthEast"></windDirection><windSpeed mps="1.32" name="Calm"></windSpeed><temperature unit="kelvin" value="278.189" min="278.189" max="278.189"></temperature><pressure unit="hPa" value="1017.64"></pressure><humidity value="98" unit="%"></humidity><clouds value="broken clouds" all="80" unit="%"></clouds></time><time from="2018-01-11T15:00:00" to="2018-01-11T18:00:00"><symbol number="803" name="broken clouds" var="04n"></symbol><precipitation></precipitation><windDirection deg="25.0004" code="NNE" name="North-northeast"></windDirection><windSpeed mps="1.31" name="Calm"></windSpeed><temperature unit="kelvin" value="275.355" min="275.355" max="275.355"></temperature><pressure unit="hPa" value="1019.54"></pressure><humidity value="91" unit="%"></humidity><clouds value="broken clouds" all="64" unit="%"></clouds></time><time from="2018-01-11T18:00:00" to="2018-01-11T21:00:00"><symbol number="803" name="broken clouds" var="04n"></symbol><precipitation></precipitation><windDirection deg="48.0026" code="NE" name="NorthEast"></windDirection><windSpeed mps="1.67" name="Light breeze"></windSpeed><temperature unit="kelvin" value="274.789" min="274.789" max="274.789"></temperature><pressure unit="hPa" value="1021.32"></pressure><humidity value="90" unit="%"></humidity><clouds value="broken clouds" all="64" unit="%"></clouds></time><time from="2018-01-11T21:00:00" to="2018-01-12T00:00:00"><symbol number="500" name="light rain" var="10n"></symbol><precipitation unit="3h" value="0.01" type="rain"></precipitation><windDirection deg="44.5017" code="NE" name="NorthEast"></windDirection><windSpeed mps="1.66" name="Light breeze"></windSpeed><temperature unit="kelvin" value="273.774" min="273.774" max="273.774"></temperature><pressure unit="hPa" value="1022.63"></pressure><humidity value="87" unit="%"></humidity><clouds value="broken clouds" all="64" unit="%"></clouds></time><time from="2018-01-12T00:00:00" to="2018-01-12T03:00:00"><symbol number="802" name="scattered clouds" var="03n"></symbol><precipitation></precipitation><windDirection deg="41.5023" code="NE" name="NorthEast"></windDirection><windSpeed mps="1.4" name="Calm"></windSpeed><temperature unit="kelvin" value="272.822" min="272.822" max="272.822"></temperature><pressure unit="hPa" value="1023.9"></pressure><humidity value="88" unit="%"></humidity><clouds value="scattered clouds" all="36" unit="%"></clouds></time><time from="2018-01-12T03:00:00" to="2018-01-12T06:00:00"><symbol number="500" name="light rain" var="10n"></symbol><precipitation unit="3h" value="0.01" type="rain"></precipitation><windDirection deg="61.0012" code="ENE" name="East-northeast"></windDirection><windSpeed mps="1.31" name="Calm"></windSpeed><temperature unit="kelvin" value="272.497" min="272.497" max="272.497"></temperature><pressure unit="hPa" value="1024.91"></pressure><humidity value="93" unit="%"></humidity><clouds value="broken clouds" all="56" unit="%"></clouds></time><time from="2018-01-12T06:00:00" to="2018-01-12T09:00:00"><symbol number="500" name="light rain" var="10d"></symbol><precipitation unit="3h" value="0.03" type="rain"></precipitation><windDirection deg="88.5018" code="E" name="East"></windDirection><windSpeed mps="1.46" name="Calm"></windSpeed><temperature unit="kelvin" value="273.858" min="273.858" max="273.858"></temperature><pressure unit="hPa" value="1026.22"></pressure><humidity value="97" unit="%"></humidity><clouds value="overcast clouds" all="88" unit="%"></clouds></time><time from="2018-01-12T09:00:00" to="2018-01-12T12:00:00"><symbol number="500" name="light rain" var="10d"></symbol><precipitation unit="3h" value="0.09" type="rain"></precipitation><windDirection deg="100.505" code="E" name="East"></windDirection><windSpeed mps="1.96" name="Light breeze"></windSpeed><temperature unit="kelvin" value="275.612" min="275.612" max="275.612"></temperature><pressure unit="hPa" value="1026.62"></pressure><humidity value="100" unit="%"></humidity><clouds value="scattered clouds" all="36" unit="%"></clouds></time><time from="2018-01-12T12:00:00" to="2018-01-12T15:00:00"><symbol number="500" name="light rain" var="10d"></symbol><precipitation unit="3h" value="0.04" type="rain"></precipitation><windDirection deg="85.5004" code="E" name="East"></windDirection><windSpeed mps="1.69" name="Light breeze"></windSpeed><temperature unit="kelvin" value="275.351" min="275.351" max="275.351"></temperature><pressure unit="hPa" value="1026.9"></pressure><humidity value="98" unit="%"></humidity><clouds value="scattered clouds" all="44" unit="%"></clouds></time><time from="2018-01-12T15:00:00" to="2018-01-12T18:00:00"><symbol number="500" name="light rain" var="10n"></symbol><precipitation unit="3h" value="0.03" type="rain"></precipitation><windDirection deg="92.0021" code="E" name="East"></windDirection><windSpeed mps="2.24" name="Light breeze"></windSpeed><temperature unit="kelvin" value="273.021" min="273.021" max="273.021"></temperature><pressure unit="hPa" value="1027.35"></pressure><humidity value="92" unit="%"></humidity><clouds value="scattered clouds" all="48" unit="%"></clouds></time><time from="2018-01-12T18:00:00" to="2018-01-12T21:00:00"><symbol number="803" name="broken clouds" var="04n"></symbol><precipitation></precipitation><windDirection deg="105.502" code="ESE" name="East-southeast"></windDirection><windSpeed mps="2.46" name="Light breeze"></windSpeed><temperature unit="kelvin" value="272.293" min="272.293" max="272.293"></temperature><pressure unit="hPa" value="1027.2"></pressure><humidity value="94" unit="%"></humidity><clouds value="broken clouds" all="56" unit="%"></clouds></time><time from="2018-01-12T21:00:00" to="2018-01-13T00:00:00"><symbol number="803" name="broken clouds" var="04n"></symbol><precipitation></precipitation><windDirection deg="117.5" code="ESE" name="East-southeast"></windDirection><windSpeed mps="2.62" name="Light breeze"></windSpeed><temperature unit="kelvin" value="272.15" min="272.15" max="272.15"></temperature><pressure unit="hPa" value="1026.56"></pressure><humidity value="98" unit="%"></humidity><clouds value="broken clouds" all="64" unit="%"></clouds></time><time from="2018-01-13T00:00:00" to="2018-01-13T03:00:00"><symbol number="803" name="broken clouds" var="04n"></symbol><precipitation></precipitation><windDirection deg="120.501" code="ESE" name="East-southeast"></windDirection><windSpeed mps="2.95" name="Light breeze"></windSpeed><temperature unit="kelvin" value="272.331" min="272.331" max="272.331"></temperature><pressure unit="hPa" value="1025.88"></pressure><humidity value="97" unit="%"></humidity><clouds value="broken clouds" all="56" unit="%"></clouds></time><time from="2018-01-13T03:00:00" to="2018-01-13T06:00:00"><symbol number="802" name="scattered clouds" var="03n"></symbol><precipitation></precipitation><windDirection deg="123.002" code="ESE" name="East-southeast"></windDirection><windSpeed mps="3.23" name="Light breeze"></windSpeed><temperature unit="kelvin" value="272.266" min="272.266" max="272.266"></temperature><pressure unit="hPa" value="1025.26"></pressure><humidity value="97" unit="%"></humidity><clouds value="scattered clouds" all="44" unit="%"></clouds></time><time from="2018-01-13T06:00:00" to="2018-01-13T09:00:00"><symbol number="801" name="few clouds" var="02d"></symbol><precipitation></precipitation><windDirection deg="128.001" code="SE" name="SouthEast"></windDirection><windSpeed mps="3.91" name="Gentle Breeze"></windSpeed><temperature unit="kelvin" value="272.258" min="272.258" max="272.258"></temperature><pressure unit="hPa" value="1024.75"></pressure><humidity value="97" unit="%"></humidity><clouds value="few clouds" all="24" unit="%"></clouds></time><time from="2018-01-13T09:00:00" to="2018-01-13T12:00:00"><symbol number="800" name="clear sky" var="02d"></symbol><precipitation></precipitation><windDirection deg="128.502" code="SE" name="SouthEast"></windDirection><windSpeed mps="4.11" name="Gentle Breeze"></windSpeed><temperature unit="kelvin" value="274.413" min="274.413" max="274.413"></temperature><pressure unit="hPa" value="1023.46"></pressure><humidity value="100" unit="%"></humidity><clouds value="clear sky" all="8" unit="%"></clouds></time><time from="2018-01-13T12:00:00" to="2018-01-13T15:00:00"><symbol number="802" name="scattered clouds" var="03d"></symbol><precipitation></precipitation><windDirection deg="114.008" code="ESE" name="East-southeast"></windDirection><windSpeed mps="3.86" name="Gentle Breeze"></windSpeed><temperature unit="kelvin" value="274.269" min="274.269" max="274.269"></temperature><pressure unit="hPa" value="1022.17"></pressure><humidity value="96" unit="%"></humidity><clouds value="scattered clouds" all="32" unit="%"></clouds></time><time from="2018-01-13T15:00:00" to="2018-01-13T18:00:00"><symbol number="500" name="light rain" var="10n"></symbol><precipitation unit="3h" value="0.03" type="rain"></precipitation><windDirection deg="119.501" code="ESE" name="East-southeast"></windDirection><windSpeed mps="4.11" name="Gentle Breeze"></windSpeed><temperature unit="kelvin" value="273.14" min="273.14" max="273.14"></temperature><pressure unit="hPa" value="1021.38"></pressure><humidity value="94" unit="%"></humidity><clouds value="broken clouds" all="56" unit="%"></clouds></time><time from="2018-01-13T18:00:00" to="2018-01-13T21:00:00"><symbol number="500" name="light rain" var="10n"></symbol><precipitation unit="3h" value="0.04" type="rain"></precipitation><windDirection deg="129.506" code="SE" name="SouthEast"></windDirection><windSpeed mps="3.71" name="Gentle Breeze"></windSpeed><temperature unit="kelvin" value="273.229" min="273.229" max="273.229"></temperature><pressure unit="hPa" value="1020.43"></pressure><humidity value="98" unit="%"></humidity><clouds value="broken clouds" all="80" unit="%"></clouds></time><time from="2018-01-13T21:00:00" to="2018-01-14T00:00:00"><symbol number="500" name="light rain" var="10n"></symbol><precipitation unit="3h" value="0.03" type="rain"></precipitation><windDirection deg="116.504" code="ESE" name="East-southeast"></windDirection><windSpeed mps="3.85" name="Gentle Breeze"></windSpeed><temperature unit="kelvin" value="273.38" min="273.38" max="273.38"></temperature><pressure unit="hPa" value="1018.77"></pressure><humidity value="97" unit="%"></humidity><clouds value="broken clouds" all="68" unit="%"></clouds></time><time from="2018-01-14T00:00:00" to="2018-01-14T03:00:00"><symbol number="500" name="light rain" var="10n"></symbol><precipitation unit="3h" value="0.02" type="rain"></precipitation><windDirection deg="109.506" code="ESE" name="East-southeast"></windDirection><windSpeed mps="3.11" name="Light breeze"></windSpeed><temperature unit="kelvin" value="273" min="273" max="273"></temperature><pressure unit="hPa" value="1017.5"></pressure><humidity value="97" unit="%"></humidity><clouds value="overcast clouds" all="88" unit="%"></clouds></time><time from="2018-01-14T03:00:00" to="2018-01-14T06:00:00"><symbol number="600" name="light snow" var="13n"></symbol><precipitation unit="3h" value="0.09" type="snow"></precipitation><windDirection deg="117.007" code="ESE" name="East-southeast"></windDirection><windSpeed mps="3.16" name="Light breeze"></windSpeed><temperature unit="kelvin" value="272.836" min="272.836" max="272.836"></temperature><pressure unit="hPa" value="1015.88"></pressure><humidity value="92" unit="%"></humidity><clouds value="scattered clouds" all="36" unit="%"></clouds></time><time from="2018-01-14T06:00:00" to="2018-01-14T09:00:00"><symbol number="800" name="clear sky" var="01d"></symbol><precipitation unit="3h" value="0.015" type="snow"></precipitation><windDirection deg="120.001" code="ESE" name="East-southeast"></windDirection><windSpeed mps="3.46" name="Gentle Breeze"></windSpeed><temperature unit="kelvin" value="272.93" min="272.93" max="272.93"></temperature><pressure unit="hPa" value="1014.47"></pressure><humidity value="92" unit="%"></humidity><clouds value="scattered clouds" all="32" unit="%"></clouds></time></forecast></weatherdata>
